{
  "movies": [
    {
      "id": 1,
      "title": "Kabali",
      "posterPath": "/images/Kabali.jpg"
    },
    {
      "id": 2,
      "title": "Annamalai",
      "posterPath": "/images/annamalai.jpg"
    },
    {
      "id": 3,
      "title": "Red",
      "posterPath": "/images/red.jpg"
    },
    {
      "id": 4,
      "title": "Sachin",
      "posterPath": "/images/Sachin.jpg"
    },
    {
      "id": 5,
      "title": "Mission Impossible",
      "posterPath": "/images/mip.jpg"
    },
    {
      "id": 6,
      "title": "Kaala",
      "posterPath": "/images/kaala.jpg"
    },
    {
      "id": 7,
      "title": "Oru Naal",
      "posterPath": "/images/orunaal.jpg"
    },
    {
      "id": 8,
      "title": "Jungle Book",
      "posterPath": "/images/jb.jpg"
    },
    {
      "id": 9,
      "title": "Poi",
      "posterPath": "/images/poi.jpg"
    },
    {
      "id": 10,
      "title": "Periyar",
      "posterPath": "/images/periyar.jpg"
    },
    {
      "id": 11,
      "title": "Kamarajar",
      "posterPath": "/images/Kamarajar.jpg"
    },
    {
      "id": 12,
      "title": "Friends",
      "posterPath": "/images/friends.jpg"
    },
    {
      "id": 13,
      "title": "Thenali",
      "posterPath": "/images/thenali.jpg"
    },
    {
      "id": 14,
      "title": "muni",
      "posterPath": "/images/muni.jpg"
    }
  ],
  "favourites": [
    {
      "id": "1",
      "title": "Kabali",
      "posterPath": "/images/Kabali.jpg"
    },
    {
      "id": "14",
      "title": "muni",
      "posterPath": "/images/muni.jpg"
    }
  ]
}